latitude,longitude,brightness,scan,track,acq_date,acq_time,satellite,instrument,confidence,version,bright_t31,frp,daynight,type,source_file,region
3.52287,-76.50439,328.71,0.47,0.48,2012-03-01,1803,N,VIIRS,n,2,292.24,3.08,D,0.0,fire_archive_SV-C2_681505.csv,Cali
3.51598,-76.51575,327.69,0.56,0.43,2012-03-22,1809,N,VIIRS,n,2,290.82,4.13,D,0.0,fire_archive_SV-C2_681505.csv,Cali
3.37602,-76.45163,328.86,0.62,0.54,2012-03-30,1859,N,VIIRS,n,2,296.02,9.63,D,0.0,fire_archive_SV-C2_681505.csv,Cali
3.52303,-76.47872,308.58,0.44,0.38,2012-04-03,641,N,VIIRS,n,2,285.1,1.68,N,0.0,fire_archive_SV-C2_681505.csv,Cali
3.30084,-76.5787,333.76,0.38,0.36,2012-06-09,1827,N,VIIRS,n,2,292.68,9.26,D,0.0,fire_archive_SV-C2_681505.csv,Cali
3.31006,-76.55605,332.47,0.46,0.39,2012-06-19,1839,N,VIIRS,n,2,298.39,2.32,D,0.0,fire_archive_SV-C2_681505.csv,Cali
3.47794,-76.45142,367.0,0.72,0.76,2012-06-20,538,N,VIIRS,h,2,285.0,10.16,N,0.0,fire_archive_SV-C2_681505.csv,Cali
3.47089,-76.45245,296.21,0.72,0.76,2012-06-20,538,N,VIIRS,n,2,283.11,10.16,N,0.0,fire_archive_SV-C2_681505.csv,Cali
3.50503,-76.45535,326.41,0.39,0.6,2012-06-27,1749,N,VIIRS,n,2,292.76,4.01,D,0.0,fire_archive_SV-C2_681505.csv,Cali
3.47823,-76.47383,312.19,0.39,0.36,2012-07-19,634,N,VIIRS,n,2,287.64,2.19,N,0.0,fire_archive_SV-C2_681505.csv,Cali
3.47435,-76.47086,300.35,0.39,0.36,2012-07-19,634,N,VIIRS,n,2,286.77,2.19,N,0.0,fire_archive_SV-C2_681505.csv,Cali
3.40512,-76.46015,306.59,0.39,0.36,2012-07-19,634,N,VIIRS,n,2,288.85,0.71,N,0.0,fire_archive_SV-C2_681505.csv,Cali
3.47768,-76.47034,336.8,0.39,0.36,2012-07-19,634,N,VIIRS,n,2,290.75,2.19,N,0.0,fire_archive_SV-C2_681505.csv,Cali
3.30317,-76.49873,298.13,0.43,0.38,2012-07-25,622,N,VIIRS,n,2,282.26,0.91,N,0.0,fire_archive_SV-C2_681505.csv,Cali
3.30258,-76.4949,309.27,0.43,0.38,2012-07-25,622,N,VIIRS,n,2,283.31,0.91,N,0.0,fire_archive_SV-C2_681505.csv,Cali
3.50672,-76.46095,335.41,0.57,0.43,2012-07-26,1845,N,VIIRS,n,2,290.97,5.45,D,0.0,fire_archive_SV-C2_681505.csv,Cali
3.47819,-76.54921,340.73,0.48,0.48,2012-08-24,1801,N,VIIRS,n,2,299.45,11.69,D,0.0,fire_archive_SV-C2_681505.csv,Cali
3.47894,-76.54467,340.74,0.48,0.48,2012-08-24,1801,N,VIIRS,n,2,292.22,11.69,D,0.0,fire_archive_SV-C2_681505.csv,Cali
3.47958,-76.55039,340.86,0.48,0.48,2012-08-24,1801,N,VIIRS,n,2,295.98,9.41,D,0.0,fire_archive_SV-C2_681505.csv,Cali
3.48033,-76.54558,344.22,0.48,0.48,2012-08-24,1801,N,VIIRS,n,2,296.51,9.41,D,0.0,fire_archive_SV-C2_681505.csv,Cali
3.47589,-76.54494,333.52,0.48,0.48,2012-08-24,1801,N,VIIRS,n,2,295.56,3.53,D,0.0,fire_archive_SV-C2_681505.csv,Cali
3.37126,-76.45187,295.2,0.43,0.38,2012-08-26,621,N,VIIRS,n,2,274.41,1.17,N,0.0,fire_archive_SV-C2_681505.csv,Cali
3.43272,-76.45596,353.19,0.39,0.6,2012-08-26,1904,N,VIIRS,n,2,302.15,11.12,D,0.0,fire_archive_SV-C2_681505.csv,Cali
3.53272,-76.54477,301.64,0.57,0.69,2012-08-28,544,N,VIIRS,n,2,285.49,1.81,N,0.0,fire_archive_SV-C2_681505.csv,Cali
3.53213,-76.54063,313.32,0.57,0.69,2012-08-28,544,N,VIIRS,n,2,286.22,1.81,N,0.0,fire_archive_SV-C2_681505.csv,Cali
3.53207,-76.54299,318.2,0.57,0.69,2012-08-28,544,N,VIIRS,n,2,286.06,3.37,N,0.0,fire_archive_SV-C2_681505.csv,Cali
3.46066,-76.57091,343.56,0.38,0.36,2012-08-28,1827,N,VIIRS,n,2,310.84,19.73,D,0.0,fire_archive_SV-C2_681505.csv,Cali
3.51815,-76.5485,346.89,0.38,0.36,2012-08-28,1827,N,VIIRS,n,2,305.75,12.03,D,0.0,fire_archive_SV-C2_681505.csv,Cali
3.52198,-76.54556,367.0,0.38,0.36,2012-08-28,1827,N,VIIRS,h,2,309.03,12.03,D,0.0,fire_archive_SV-C2_681505.csv,Cali
3.52302,-76.53867,338.43,0.38,0.36,2012-08-28,1827,N,VIIRS,n,2,310.23,10.51,D,0.0,fire_archive_SV-C2_681505.csv,Cali
3.5225,-76.54211,353.72,0.38,0.36,2012-08-28,1827,N,VIIRS,n,2,312.45,10.51,D,0.0,fire_archive_SV-C2_681505.csv,Cali
3.52146,-76.549,346.44,0.38,0.36,2012-08-28,1827,N,VIIRS,n,2,304.0,12.03,D,0.0,fire_archive_SV-C2_681505.csv,Cali
3.52634,-76.53916,354.93,0.38,0.36,2012-08-28,1827,N,VIIRS,n,2,314.87,5.95,D,0.0,fire_archive_SV-C2_681505.csv,Cali
3.52582,-76.5426,341.61,0.38,0.36,2012-08-28,1827,N,VIIRS,n,2,314.03,5.95,D,0.0,fire_archive_SV-C2_681505.csv,Cali
3.5253,-76.54605,342.3,0.38,0.36,2012-08-28,1827,N,VIIRS,n,2,313.04,13.77,D,0.0,fire_archive_SV-C2_681505.csv,Cali
3.52913,-76.54311,340.32,0.38,0.36,2012-08-28,1827,N,VIIRS,l,2,313.47,5.95,D,0.0,fire_archive_SV-C2_681505.csv,Cali
3.52861,-76.54655,351.63,0.38,0.36,2012-08-28,1827,N,VIIRS,n,2,311.33,13.77,D,0.0,fire_archive_SV-C2_681505.csv,Cali
3.42667,-76.60688,302.02,0.43,0.46,2012-09-01,609,N,VIIRS,n,2,278.94,1.17,N,0.0,fire_archive_SV-C2_681505.csv,Cali
3.4309,-76.60639,315.91,0.43,0.46,2012-09-01,609,N,VIIRS,n,2,280.03,1.17,N,0.0,fire_archive_SV-C2_681505.csv,Cali
3.54868,-76.53087,301.6,0.42,0.45,2012-09-04,653,N,VIIRS,n,2,277.84,1.59,N,0.0,fire_archive_SV-C2_681505.csv,Cali
3.32717,-76.51817,337.09,0.46,0.39,2012-09-07,1839,N,VIIRS,l,2,308.63,4.19,D,0.0,fire_archive_SV-C2_681505.csv,Cali
3.45833,-76.54037,342.25,0.46,0.39,2012-09-07,1839,N,VIIRS,n,2,307.09,5.58,D,0.0,fire_archive_SV-C2_681505.csv,Cali
3.44886,-76.45679,301.68,0.43,0.38,2012-09-11,621,N,VIIRS,n,2,288.41,0.28,N,0.0,fire_archive_SV-C2_681505.csv,Cali
3.44618,-76.57896,334.9,0.39,0.59,2012-09-11,1904,N,VIIRS,n,2,290.84,4.31,D,0.0,fire_archive_SV-C2_681505.csv,Cali
3.44676,-76.57485,356.04,0.39,0.59,2012-09-11,1904,N,VIIRS,l,2,292.62,4.31,D,0.0,fire_archive_SV-C2_681505.csv,Cali
3.46618,-76.60582,301.81,0.34,0.56,2012-09-14,705,N,VIIRS,n,2,286.01,0.51,N,0.0,fire_archive_SV-C2_681505.csv,Cali
3.46138,-76.60878,344.06,0.34,0.56,2012-09-14,705,N,VIIRS,n,2,288.95,5.57,N,0.0,fire_archive_SV-C2_681505.csv,Cali
3.46085,-76.60564,306.61,0.34,0.56,2012-09-14,705,N,VIIRS,n,2,286.65,2.72,N,0.0,fire_archive_SV-C2_681505.csv,Cali
3.46453,-76.60684,333.23,0.38,0.44,2012-09-14,1808,N,VIIRS,n,2,298.43,3.92,D,0.0,fire_archive_SV-C2_681505.csv,Cali
3.46265,-76.56651,356.38,0.38,0.43,2012-09-14,1808,N,VIIRS,n,2,309.63,16.63,D,0.0,fire_archive_SV-C2_681505.csv,Cali
3.46498,-76.60906,300.32,0.5,0.41,2012-09-15,646,N,VIIRS,n,2,285.39,0.94,N,0.0,fire_archive_SV-C2_681505.csv,Cali
3.46879,-76.60884,301.83,0.5,0.41,2012-09-15,646,N,VIIRS,n,2,285.04,0.67,N,0.0,fire_archive_SV-C2_681505.csv,Cali
3.44101,-76.575,340.59,0.63,0.72,2012-09-21,1917,N,VIIRS,n,2,293.85,6.76,D,0.0,fire_archive_SV-C2_681505.csv,Cali
3.44278,-76.56311,353.3,0.63,0.72,2012-09-21,1917,N,VIIRS,n,2,293.54,10.64,D,0.0,fire_archive_SV-C2_681505.csv,Cali
3.43581,-76.56396,338.93,0.63,0.72,2012-09-21,1917,N,VIIRS,n,2,292.14,10.64,D,0.0,fire_archive_SV-C2_681505.csv,Cali
3.44429,-76.57429,335.48,0.63,0.72,2012-09-21,1917,N,VIIRS,n,2,293.49,11.89,D,0.0,fire_archive_SV-C2_681505.csv,Cali
3.44606,-76.56175,335.67,0.63,0.72,2012-09-21,1917,N,VIIRS,n,2,291.59,6.09,D,0.0,fire_archive_SV-C2_681505.csv,Cali
3.43898,-76.56347,367.0,0.63,0.72,2012-09-21,1917,N,VIIRS,h,2,293.47,15.53,D,0.0,fire_archive_SV-C2_681505.csv,Cali
3.53229,-76.53118,346.99,0.41,0.37,2012-09-24,1820,N,VIIRS,n,2,302.4,9.25,D,0.0,fire_archive_SV-C2_681505.csv,Cali
3.37379,-76.58485,341.75,0.41,0.37,2012-09-24,1820,N,VIIRS,n,2,299.92,21.41,D,0.0,fire_archive_SV-C2_681505.csv,Cali
3.32821,-76.51885,336.99,0.41,0.37,2012-09-24,1820,N,VIIRS,l,2,303.76,8.51,D,0.0,fire_archive_SV-C2_681505.csv,Cali
3.30466,-76.48897,312.58,0.42,0.45,2012-10-03,609,N,VIIRS,n,2,287.13,1.46,N,0.0,fire_archive_SV-C2_681505.csv,Cali
3.45465,-76.5144,342.46,0.38,0.36,2012-10-15,1826,N,VIIRS,n,2,305.2,6.28,D,0.0,fire_archive_SV-C2_681505.csv,Cali
3.46511,-76.51245,335.99,0.38,0.36,2012-10-15,1826,N,VIIRS,n,2,305.17,5.21,D,0.0,fire_archive_SV-C2_681505.csv,Cali
3.30047,-76.60801,336.77,0.4,0.37,2013-01-08,1833,N,VIIRS,n,2,300.98,5.01,D,0.0,fire_archive_SV-C2_681505.csv,Cali
3.51277,-76.51129,328.44,0.41,0.37,2013-01-14,1820,N,VIIRS,l,2,298.57,3.2,D,0.0,fire_archive_SV-C2_681505.csv,Cali
3.46595,-76.54784,316.07,0.39,0.36,2013-01-22,628,N,VIIRS,n,2,289.59,3.03,N,0.0,fire_archive_SV-C2_681505.csv,Cali
3.46262,-76.54842,333.01,0.39,0.36,2013-01-22,628,N,VIIRS,n,2,291.25,3.03,N,0.0,fire_archive_SV-C2_681505.csv,Cali
3.4593,-76.549,316.97,0.39,0.36,2013-01-22,628,N,VIIRS,n,2,290.47,1.77,N,0.0,fire_archive_SV-C2_681505.csv,Cali
3.51577,-76.45107,332.3,0.4,0.37,2013-02-15,1821,N,VIIRS,l,2,305.78,4.48,D,0.0,fire_archive_SV-C2_681505.csv,Cali
3.51238,-76.45055,339.57,0.4,0.37,2013-02-15,1821,N,VIIRS,l,2,306.39,4.48,D,0.0,fire_archive_SV-C2_681505.csv,Cali
3.4964,-76.4781,328.44,0.47,0.47,2013-03-20,1802,N,VIIRS,n,2,296.54,4.14,D,0.0,fire_archive_SV-C2_681505.csv,Cali
3.44121,-76.46999,307.65,0.44,0.38,2013-06-09,642,N,VIIRS,n,2,288.88,0.62,N,0.0,fire_archive_SV-C2_681505.csv,Cali
3.39097,-76.47916,344.61,0.38,0.36,2013-07-14,1828,N,VIIRS,n,2,307.53,4.82,D,0.0,fire_archive_SV-C2_681505.csv,Cali
3.47334,-76.59004,335.19,0.47,0.48,2013-08-03,1854,N,VIIRS,n,2,297.12,3.62,D,0.0,fire_archive_SV-C2_681505.csv,Cali
3.32607,-76.48859,301.0,0.43,0.46,2013-08-22,655,N,VIIRS,n,2,285.17,0.53,N,0.0,fire_archive_SV-C2_681505.csv,Cali
3.36361,-76.47933,337.52,0.47,0.4,2013-08-25,1841,N,VIIRS,n,2,302.83,5.16,D,0.0,fire_archive_SV-C2_681505.csv,Cali
3.44977,-76.45733,305.95,0.42,0.38,2013-09-14,624,N,VIIRS,n,2,286.8,0.95,N,0.0,fire_archive_SV-C2_681505.csv,Cali
3.52539,-76.45802,345.11,0.47,0.4,2013-09-26,1842,N,VIIRS,n,2,309.18,11.22,D,0.0,fire_archive_SV-C2_681505.csv,Cali
3.45373,-76.51473,349.74,0.38,0.36,2013-10-02,1829,N,VIIRS,n,2,305.05,7.16,D,0.0,fire_archive_SV-C2_681505.csv,Cali
3.53379,-76.48495,334.79,0.56,0.43,2013-12-06,1812,N,VIIRS,n,2,297.77,4.99,D,0.0,fire_archive_SV-C2_681505.csv,Cali
3.47142,-76.47649,303.51,0.42,0.45,2013-12-25,613,N,VIIRS,n,2,286.45,1.59,N,0.0,fire_archive_SV-C2_681505.csv,Cali
3.46757,-76.51037,330.12,0.38,0.36,2014-01-22,1831,N,VIIRS,n,2,296.84,3.93,D,0.0,fire_archive_SV-C2_681505.csv,Cali
3.48291,-76.49772,336.11,0.56,0.43,2014-01-23,1813,N,VIIRS,n,2,300.45,3.66,D,0.0,fire_archive_SV-C2_681505.csv,Cali
3.48288,-76.49957,346.8,0.38,0.36,2014-06-15,1835,N,VIIRS,n,2,301.67,3.47,D,0.0,fire_archive_SV-C2_681505.csv,Cali
3.48297,-76.49958,336.31,0.38,0.36,2014-07-01,1835,N,VIIRS,n,2,302.42,1.72,D,0.0,fire_archive_SV-C2_681505.csv,Cali
3.46044,-76.51149,337.76,0.4,0.37,2014-07-12,1829,N,VIIRS,n,2,303.96,5.83,D,0.0,fire_archive_SV-C2_681505.csv,Cali
3.40344,-76.5218,323.12,0.39,0.36,2014-07-25,644,N,VIIRS,n,2,291.14,1.43,N,0.0,fire_archive_SV-C2_681505.csv,Cali
3.37096,-76.51163,345.72,0.5,0.66,2014-07-30,1752,N,VIIRS,n,2,292.47,7.07,D,0.0,fire_archive_SV-C2_681505.csv,Cali
3.38036,-76.48456,328.64,0.39,0.59,2014-08-16,1914,N,VIIRS,n,2,294.34,8.54,D,0.0,fire_archive_SV-C2_681505.csv,Cali
3.37484,-76.48381,350.96,0.39,0.59,2014-08-16,1914,N,VIIRS,n,2,296.51,8.54,D,0.0,fire_archive_SV-C2_681505.csv,Cali
3.37431,-76.4874,367.0,0.39,0.59,2014-08-16,1914,N,VIIRS,h,2,296.55,7.01,D,0.0,fire_archive_SV-C2_681505.csv,Cali
3.37983,-76.48814,342.0,0.39,0.59,2014-08-16,1914,N,VIIRS,n,2,294.53,7.01,D,0.0,fire_archive_SV-C2_681505.csv,Cali
3.38011,-76.48534,346.79,0.39,0.6,2014-08-16,1914,N,VIIRS,n,2,294.29,5.94,D,0.0,fire_archive_SV-C2_681505.csv,Cali
3.3796,-76.48892,334.7,0.39,0.6,2014-08-16,1914,N,VIIRS,n,2,293.93,3.09,D,0.0,fire_archive_SV-C2_681505.csv,Cali
3.35532,-76.48937,296.8,0.72,0.75,2014-08-29,548,N,VIIRS,n,2,282.0,1.31,N,0.0,fire_archive_SV-C2_681505.csv,Cali
3.35633,-76.49599,301.31,0.72,0.75,2014-08-29,548,N,VIIRS,n,2,282.01,1.31,N,0.0,fire_archive_SV-C2_681505.csv,Cali
3.35271,-76.49122,297.61,0.58,0.7,2014-08-29,728,N,VIIRS,n,2,281.22,1.37,N,0.0,fire_archive_SV-C2_681505.csv,Cali
3.33685,-76.4932,343.73,0.4,0.37,2014-08-29,1830,N,VIIRS,n,2,301.83,4.19,D,0.0,fire_archive_SV-C2_681505.csv,Cali
3.35381,-76.4958,334.35,0.4,0.37,2014-08-29,1830,N,VIIRS,l,2,308.29,2.21,D,0.0,fire_archive_SV-C2_681505.csv,Cali
3.35721,-76.49632,332.0,0.4,0.37,2014-08-29,1830,N,VIIRS,l,2,303.86,2.21,D,0.0,fire_archive_SV-C2_681505.csv,Cali
3.35233,-76.56345,315.0,0.43,0.38,2014-08-31,650,N,VIIRS,n,2,288.33,1.27,N,0.0,fire_archive_SV-C2_681505.csv,Cali
3.35295,-76.56738,302.74,0.43,0.38,2014-08-31,650,N,VIIRS,n,2,287.91,1.32,N,0.0,fire_archive_SV-C2_681505.csv,Cali
3.4505,-76.45634,306.47,0.43,0.38,2014-08-31,650,N,VIIRS,n,2,288.9,1.0,N,0.0,fire_archive_SV-C2_681505.csv,Cali
3.30872,-76.50867,367.0,0.5,0.66,2014-08-31,1753,N,VIIRS,h,2,300.28,11.84,D,0.0,fire_archive_SV-C2_681505.csv,Cali
3.30886,-76.50782,343.47,0.5,0.66,2014-08-31,1753,N,VIIRS,n,2,300.97,13.51,D,0.0,fire_archive_SV-C2_681505.csv,Cali
3.31496,-76.5087,367.0,0.5,0.66,2014-08-31,1753,N,VIIRS,h,2,301.84,13.51,D,0.0,fire_archive_SV-C2_681505.csv,Cali
3.31419,-76.51321,341.13,0.5,0.66,2014-08-31,1753,N,VIIRS,n,2,300.63,13.74,D,0.0,fire_archive_SV-C2_681505.csv,Cali
3.46864,-76.56599,367.0,0.5,0.66,2014-08-31,1753,N,VIIRS,h,2,299.7,16.32,D,0.0,fire_archive_SV-C2_681505.csv,Cali
3.45285,-76.60284,309.78,0.43,0.38,2014-09-01,632,N,VIIRS,n,2,287.61,2.21,N,0.0,fire_archive_SV-C2_681505.csv,Cali
3.45693,-76.60609,305.3,0.43,0.38,2014-09-01,632,N,VIIRS,n,2,287.84,2.21,N,0.0,fire_archive_SV-C2_681505.csv,Cali
3.45635,-76.60233,332.64,0.43,0.38,2014-09-01,632,N,VIIRS,n,2,288.99,2.21,N,0.0,fire_archive_SV-C2_681505.csv,Cali
3.44935,-76.6033,306.64,0.43,0.38,2014-09-01,632,N,VIIRS,n,2,287.35,1.66,N,0.0,fire_archive_SV-C2_681505.csv,Cali
3.44993,-76.60708,321.61,0.43,0.38,2014-09-01,632,N,VIIRS,n,2,288.25,1.66,N,0.0,fire_archive_SV-C2_681505.csv,Cali
3.45343,-76.60661,328.09,0.43,0.38,2014-09-01,632,N,VIIRS,n,2,287.84,2.21,N,0.0,fire_archive_SV-C2_681505.csv,Cali
3.45654,-76.60656,335.75,0.39,0.59,2014-09-01,1914,N,VIIRS,n,2,278.8,4.07,D,0.0,fire_archive_SV-C2_681505.csv,Cali
3.44657,-76.59795,356.07,0.39,0.59,2014-09-01,1914,N,VIIRS,l,2,280.57,12.33,D,0.0,fire_archive_SV-C2_681505.csv,Cali
3.44715,-76.59389,329.3,0.39,0.59,2014-09-01,1914,N,VIIRS,n,2,279.65,9.72,D,0.0,fire_archive_SV-C2_681505.csv,Cali
3.44156,-76.5938,332.89,0.39,0.59,2014-09-01,1914,N,VIIRS,n,2,278.41,3.24,D,0.0,fire_archive_SV-C2_681505.csv,Cali
3.44225,-76.58891,335.33,0.39,0.59,2014-09-01,1914,N,VIIRS,n,2,278.63,3.24,D,0.0,fire_archive_SV-C2_681505.csv,Cali
3.31316,-76.59667,313.92,0.35,0.56,2014-09-29,607,N,VIIRS,n,2,286.75,1.71,N,0.0,fire_archive_SV-C2_681505.csv,Cali
3.3127,-76.59717,300.16,0.35,0.56,2014-09-29,607,N,VIIRS,n,2,286.42,0.88,N,0.0,fire_archive_SV-C2_681505.csv,Cali
3.31235,-76.59483,311.93,0.35,0.56,2014-09-29,607,N,VIIRS,n,2,286.8,0.88,N,0.0,fire_archive_SV-C2_681505.csv,Cali
3.46594,-76.56072,335.02,0.57,0.43,2014-10-04,1856,N,VIIRS,n,2,297.12,4.77,D,0.0,fire_archive_SV-C2_681505.csv,Cali
3.53662,-76.46062,328.16,0.38,0.44,2014-11-21,1856,N,VIIRS,n,2,282.25,5.04,D,0.0,fire_archive_SV-C2_681505.csv,Cali
3.53713,-76.45715,341.25,0.38,0.44,2014-11-21,1856,N,VIIRS,n,2,285.47,5.04,D,0.0,fire_archive_SV-C2_681505.csv,Cali
3.37784,-76.47,306.8,0.44,0.38,2014-12-21,650,N,VIIRS,n,2,288.39,1.02,N,0.0,fire_archive_SV-C2_681505.csv,Cali
3.5463,-76.48,330.92,0.4,0.6,2015-03-12,1912,N,VIIRS,n,2,293.2,1.61,D,0.0,fire_archive_SV-C2_681505.csv,Cali
3.38019,-76.50571,334.92,0.39,0.59,2015-03-12,1912,N,VIIRS,n,2,291.34,5.41,D,0.0,fire_archive_SV-C2_681505.csv,Cali
3.50779,-76.46916,337.84,0.56,0.43,2015-06-19,1814,N,VIIRS,n,2,299.27,7.27,D,0.0,fire_archive_SV-C2_681505.csv,Cali
3.33833,-76.51247,349.5,0.48,0.48,2015-06-22,1858,N,VIIRS,n,2,297.39,7.74,D,0.0,fire_archive_SV-C2_681505.csv,Cali
3.36119,-76.52229,335.09,0.46,0.39,2015-06-24,1820,N,VIIRS,n,2,304.08,4.64,D,0.0,fire_archive_SV-C2_681505.csv,Cali
3.33674,-76.58532,316.54,0.51,0.41,2015-06-27,622,N,VIIRS,n,2,275.0,3.29,N,0.0,fire_archive_SV-C2_681505.csv,Cali
3.3528,-76.48849,348.26,0.48,0.48,2015-07-16,1808,N,VIIRS,n,2,292.91,9.27,D,0.0,fire_archive_SV-C2_681505.csv,Cali
3.44713,-76.45585,316.38,0.42,0.45,2015-07-24,615,N,VIIRS,n,2,288.93,1.51,N,0.0,fire_archive_SV-C2_681505.csv,Cali
3.4487,-76.45625,317.53,0.42,0.45,2015-07-24,615,N,VIIRS,n,2,289.2,1.1,N,0.0,fire_archive_SV-C2_681505.csv,Cali
3.51523,-76.55013,339.23,0.39,0.6,2015-08-03,1910,N,VIIRS,n,2,294.44,4.25,D,0.0,fire_archive_SV-C2_681505.csv,Cali
3.39653,-76.49136,350.19,0.61,0.53,2015-08-12,1801,N,VIIRS,n,2,293.86,14.72,D,0.0,fire_archive_SV-C2_681505.csv,Cali
3.37103,-76.497,334.69,0.57,0.43,2015-08-22,1813,N,VIIRS,n,2,299.25,9.79,D,0.0,fire_archive_SV-C2_681505.csv,Cali
3.4131,-76.46191,336.68,0.56,0.43,2015-08-22,1813,N,VIIRS,n,2,300.44,3.17,D,0.0,fire_archive_SV-C2_681505.csv,Cali
3.4944,-76.46352,299.56,0.52,0.41,2015-08-23,652,N,VIIRS,n,2,287.31,0.47,N,0.0,fire_archive_SV-C2_681505.csv,Cali
3.36354,-76.49814,336.5,0.39,0.59,2015-08-23,1755,N,VIIRS,n,2,293.6,4.97,D,0.0,fire_archive_SV-C2_681505.csv,Cali
3.36295,-76.50168,352.22,0.39,0.6,2015-08-23,1755,N,VIIRS,n,2,294.77,4.97,D,0.0,fire_archive_SV-C2_681505.csv,Cali
3.32682,-76.5501,304.33,0.42,0.45,2015-08-25,615,N,VIIRS,n,2,283.03,1.22,N,0.0,fire_archive_SV-C2_681505.csv,Cali
3.50409,-76.53492,337.25,0.61,0.54,2015-08-28,1801,N,VIIRS,n,2,300.95,13.29,D,0.0,fire_archive_SV-C2_681505.csv,Cali
3.50336,-76.53938,342.98,0.61,0.54,2015-08-28,1801,N,VIIRS,n,2,300.71,9.35,D,0.0,fire_archive_SV-C2_681505.csv,Cali
3.50838,-76.53965,348.22,0.61,0.54,2015-08-28,1801,N,VIIRS,n,2,301.19,9.35,D,0.0,fire_archive_SV-C2_681505.csv,Cali
3.54281,-76.51424,344.31,0.61,0.53,2015-08-28,1801,N,VIIRS,n,2,303.73,45.15,D,0.0,fire_archive_SV-C2_681505.csv,Cali
3.54204,-76.51903,353.39,0.61,0.53,2015-08-28,1801,N,VIIRS,n,2,308.12,45.15,D,0.0,fire_archive_SV-C2_681505.csv,Cali
3.54704,-76.51939,337.56,0.61,0.53,2015-08-28,1801,N,VIIRS,n,2,298.92,8.58,D,0.0,fire_archive_SV-C2_681505.csv,Cali
3.54349,-76.51647,367.0,0.61,0.53,2015-08-28,1801,N,VIIRS,h,2,308.99,75.81,D,0.0,fire_archive_SV-C2_681505.csv,Cali
3.54258,-76.53,367.0,0.64,0.72,2015-08-29,1742,N,VIIRS,h,2,298.97,12.74,D,0.0,fire_archive_SV-C2_681505.csv,Cali
3.53841,-76.52753,340.8,0.64,0.72,2015-08-29,1742,N,VIIRS,n,2,300.69,9.64,D,0.0,fire_archive_SV-C2_681505.csv,Cali
3.53739,-76.5334,342.18,0.64,0.72,2015-08-29,1742,N,VIIRS,n,2,299.11,9.64,D,0.0,fire_archive_SV-C2_681505.csv,Cali
3.54497,-76.53152,353.93,0.64,0.72,2015-08-29,1922,N,VIIRS,n,2,293.91,17.52,D,0.0,fire_archive_SV-C2_681505.csv,Cali
3.54585,-76.52538,355.73,0.64,0.72,2015-08-29,1922,N,VIIRS,n,2,295.06,17.52,D,0.0,fire_archive_SV-C2_681505.csv,Cali
3.44957,-76.57477,340.77,0.38,0.43,2015-09-07,1813,N,VIIRS,n,2,298.32,3.55,D,0.0,fire_archive_SV-C2_681505.csv,Cali
3.51703,-76.57414,305.9,0.42,0.45,2015-09-13,658,N,VIIRS,n,2,286.48,0.52,N,0.0,fire_archive_SV-C2_681505.csv,Cali
3.31315,-76.59346,313.37,0.39,0.36,2015-09-14,639,N,VIIRS,n,2,267.73,1.07,N,0.0,fire_archive_SV-C2_681505.csv,Cali
3.47397,-76.60232,354.96,0.66,0.73,2015-09-14,1742,N,VIIRS,n,2,294.44,11.34,D,0.0,fire_archive_SV-C2_681505.csv,Cali
3.47539,-76.59409,334.41,0.65,0.73,2015-09-14,1742,N,VIIRS,n,2,296.31,17.05,D,0.0,fire_archive_SV-C2_681505.csv,Cali
3.46861,-76.59315,354.74,0.65,0.73,2015-09-14,1742,N,VIIRS,n,2,299.12,16.44,D,0.0,fire_archive_SV-C2_681505.csv,Cali
3.47296,-76.59389,356.58,0.66,0.73,2015-09-14,1742,N,VIIRS,l,2,299.74,26.63,D,0.0,fire_archive_SV-C2_681505.csv,Cali
3.4715,-76.6027,348.95,0.66,0.73,2015-09-14,1742,N,VIIRS,n,2,294.8,11.39,D,0.0,fire_archive_SV-C2_681505.csv,Cali
3.47229,-76.59793,329.39,0.66,0.73,2015-09-14,1742,N,VIIRS,n,2,295.15,11.39,D,0.0,fire_archive_SV-C2_681505.csv,Cali
3.33597,-76.49245,327.93,0.42,0.45,2015-09-26,614,N,VIIRS,n,2,286.9,4.02,N,0.0,fire_archive_SV-C2_681505.csv,Cali
3.50334,-76.553,349.74,0.4,0.37,2015-09-27,1838,N,VIIRS,n,2,302.18,10.15,D,0.0,fire_archive_SV-C2_681505.csv,Cali
3.50726,-76.5499,338.27,0.4,0.37,2015-09-27,1838,N,VIIRS,n,2,300.85,52.6,D,0.0,fire_archive_SV-C2_681505.csv,Cali
3.32676,-76.59805,332.38,0.47,0.4,2015-09-28,1819,N,VIIRS,l,2,299.08,7.69,D,0.0,fire_archive_SV-C2_681505.csv,Cali
3.32738,-76.59409,336.5,0.47,0.4,2015-09-28,1819,N,VIIRS,n,2,303.22,10.96,D,0.0,fire_archive_SV-C2_681505.csv,Cali
3.32314,-76.59727,350.96,0.47,0.4,2015-09-28,1819,N,VIIRS,n,2,308.2,17.07,D,0.0,fire_archive_SV-C2_681505.csv,Cali
3.51602,-76.50535,338.35,0.38,0.36,2015-10-08,1831,N,VIIRS,n,2,305.27,4.15,D,0.0,fire_archive_SV-C2_681505.csv,Cali
3.52318,-76.50359,340.1,0.61,0.53,2015-10-15,1800,N,VIIRS,n,2,293.03,6.3,D,0.0,fire_archive_SV-C2_681505.csv,Cali
3.40205,-76.52028,302.02,0.43,0.38,2015-11-23,626,N,VIIRS,n,2,289.46,0.71,N,0.0,fire_archive_SV-C2_681505.csv,Cali
3.37055,-76.52578,325.57,0.46,0.39,2015-12-01,1818,N,VIIRS,l,2,297.36,2.35,D,0.0,fire_archive_SV-C2_681505.csv,Cali
3.44628,-76.45477,301.51,0.39,0.36,2015-12-03,638,N,VIIRS,n,2,288.59,0.5,N,0.0,fire_archive_SV-C2_681505.csv,Cali
3.39776,-76.46972,301.86,0.5,0.41,2015-12-20,619,N,VIIRS,n,2,281.48,1.68,N,0.0,fire_archive_SV-C2_681505.csv,Cali
3.397,-76.47035,335.58,0.62,0.54,2015-12-20,1902,N,VIIRS,n,2,298.55,7.45,D,0.0,fire_archive_SV-C2_681505.csv,Cali
3.44802,-76.45512,302.8,0.43,0.38,2015-12-24,644,N,VIIRS,n,2,289.15,1.15,N,0.0,fire_archive_SV-C2_681505.csv,Cali
3.3678,-76.48036,349.59,0.48,0.48,2015-12-31,1856,N,VIIRS,n,2,301.42,9.06,D,0.0,fire_archive_SV-C2_681505.csv,Cali
3.36844,-76.47599,337.29,0.48,0.48,2015-12-31,1856,N,VIIRS,n,2,303.1,8.26,D,0.0,fire_archive_SV-C2_681505.csv,Cali
3.37225,-76.48099,330.43,0.48,0.48,2015-12-31,1856,N,VIIRS,l,2,300.58,1.94,D,0.0,fire_archive_SV-C2_681505.csv,Cali
3.44928,-76.4541,299.99,0.39,0.36,2016-01-15,632,N,VIIRS,n,2,289.73,0.58,N,0.0,fire_archive_SV-C2_681505.csv,Cali
3.36385,-76.51559,343.07,0.61,0.53,2016-01-19,1759,N,VIIRS,n,2,294.89,9.48,D,0.0,fire_archive_SV-C2_681505.csv,Cali
3.3601,-76.51726,333.72,0.61,0.53,2016-01-19,1759,N,VIIRS,n,2,295.47,3.14,D,0.0,fire_archive_SV-C2_681505.csv,Cali
3.36502,-76.51807,328.33,0.61,0.53,2016-01-19,1759,N,VIIRS,n,2,293.57,3.14,D,0.0,fire_archive_SV-C2_681505.csv,Cali
3.37359,-76.46506,336.03,0.57,0.43,2016-01-27,1849,N,VIIRS,l,2,310.06,9.56,D,0.0,fire_archive_SV-C2_681505.csv,Cali
3.37372,-76.52306,330.4,0.47,0.39,2016-02-03,1818,N,VIIRS,l,2,300.97,2.37,D,0.0,fire_archive_SV-C2_681505.csv,Cali
3.37446,-76.45647,347.56,0.38,0.36,2016-02-13,1830,N,VIIRS,n,2,301.41,4.29,D,0.0,fire_archive_SV-C2_681505.csv,Cali
3.37114,-76.45598,340.17,0.38,0.36,2016-02-13,1830,N,VIIRS,n,2,298.39,4.29,D,0.0,fire_archive_SV-C2_681505.csv,Cali
3.3312,-76.49583,332.22,0.38,0.36,2016-02-13,1830,N,VIIRS,n,2,294.39,28.08,D,0.0,fire_archive_SV-C2_681505.csv,Cali
3.44658,-76.45721,312.46,0.39,0.36,2016-02-16,631,N,VIIRS,n,2,291.11,0.7,N,0.0,fire_archive_SV-C2_681505.csv,Cali
3.44991,-76.4567,305.7,0.39,0.36,2016-02-16,631,N,VIIRS,n,2,291.26,0.7,N,0.0,fire_archive_SV-C2_681505.csv,Cali
3.52323,-76.50205,345.15,0.4,0.37,2016-04-06,1836,N,VIIRS,n,2,302.7,4.07,D,0.0,fire_archive_SV-C2_681505.csv,Cali
3.44671,-76.45496,304.98,0.39,0.36,2016-05-06,631,N,VIIRS,n,2,288.11,0.56,N,0.0,fire_archive_SV-C2_681505.csv,Cali
3.53762,-76.54135,334.85,0.57,0.43,2016-06-05,1811,N,VIIRS,n,2,295.49,6.58,D,0.0,fire_archive_SV-C2_681505.csv,Cali
3.4699,-76.47765,317.74,0.44,0.62,2016-06-25,553,N,VIIRS,n,2,283.08,1.8,N,0.0,fire_archive_SV-C2_681505.csv,Cali
3.48278,-76.4575,302.32,0.52,0.41,2016-07-08,649,N,VIIRS,n,2,284.33,0.86,N,0.0,fire_archive_SV-C2_681505.csv,Cali
3.36637,-76.47573,311.3,0.39,0.36,2016-07-30,637,N,VIIRS,n,2,287.06,1.09,N,0.0,fire_archive_SV-C2_681505.csv,Cali
3.36032,-76.47334,340.37,0.38,0.36,2016-08-23,1829,N,VIIRS,n,2,307.55,3.67,D,0.0,fire_archive_SV-C2_681505.csv,Cali
3.30687,-76.4511,339.78,0.57,0.43,2016-08-24,1810,N,VIIRS,n,2,297.87,24.04,D,0.0,fire_archive_SV-C2_681505.csv,Cali
3.44714,-76.45513,297.02,0.39,0.36,2016-09-27,630,N,VIIRS,n,2,262.13,0.38,N,0.0,fire_archive_SV-C2_681505.csv,Cali
3.37244,-76.5214,331.37,0.46,0.39,2017-02-05,1816,N,VIIRS,l,2,305.33,2.68,D,0.0,fire_archive_SV-C2_681505.csv,Cali
3.38248,-76.48866,337.31,0.48,0.48,2017-02-19,1854,N,VIIRS,n,2,295.09,1.4,D,0.0,fire_archive_SV-C2_681505.csv,Cali
3.35744,-76.45023,330.73,0.57,0.43,2017-06-06,1847,N,VIIRS,n,2,292.98,2.86,D,0.0,fire_archive_SV-C2_681505.csv,Cali
3.46324,-76.51098,331.84,0.41,0.37,2017-06-18,1822,N,VIIRS,n,2,299.61,3.17,D,0.0,fire_archive_SV-C2_681505.csv,Cali
3.40006,-76.48768,325.18,0.48,0.48,2017-06-19,1803,N,VIIRS,n,2,294.36,2.39,D,0.0,fire_archive_SV-C2_681505.csv,Cali
3.52024,-76.49906,306.63,0.53,0.5,2017-07-05,701,N,VIIRS,n,2,284.67,1.64,N,0.0,fire_archive_SV-C2_681505.csv,Cali
3.51561,-76.49983,298.39,0.53,0.5,2017-07-05,701,N,VIIRS,n,2,284.79,0.94,N,0.0,fire_archive_SV-C2_681505.csv,Cali
3.35507,-76.4961,316.16,0.43,0.38,2017-07-06,642,N,VIIRS,n,2,263.25,1.9,N,0.0,fire_archive_SV-C2_681505.csv,Cali
3.35856,-76.49555,313.62,0.43,0.38,2017-07-06,642,N,VIIRS,n,2,261.55,1.9,N,0.0,fire_archive_SV-C2_681505.csv,Cali
3.35443,-76.49038,367.0,0.49,0.65,2017-07-12,1912,N,VIIRS,h,2,297.26,12.9,D,0.0,fire_archive_SV-C2_681505.csv,Cali
3.31641,-76.48803,331.3,0.47,0.48,2017-07-13,1853,N,VIIRS,n,2,301.7,3.39,D,0.0,fire_archive_SV-C2_681505.csv,Cali
3.52057,-76.46664,307.82,0.51,0.41,2017-07-18,617,N,VIIRS,n,2,285.86,2.33,N,0.0,fire_archive_SV-C2_681505.csv,Cali
3.52129,-76.47128,328.07,0.51,0.41,2017-07-18,617,N,VIIRS,n,2,285.96,2.55,N,0.0,fire_archive_SV-C2_681505.csv,Cali
3.52509,-76.4707,316.41,0.51,0.41,2017-07-18,617,N,VIIRS,n,2,286.46,2.55,N,0.0,fire_archive_SV-C2_681505.csv,Cali
3.52452,-76.46726,341.5,0.46,0.39,2017-07-19,1841,N,VIIRS,n,2,303.67,6.28,D,0.0,fire_archive_SV-C2_681505.csv,Cali
3.46217,-76.47871,348.35,0.45,0.63,2017-07-30,552,N,VIIRS,n,2,287.41,6.9,N,0.0,fire_archive_SV-C2_681505.csv,Cali
3.35678,-76.45302,330.66,0.38,0.36,2017-09-11,1829,N,VIIRS,l,2,302.48,2.07,D,0.0,fire_archive_SV-C2_681505.csv,Cali
3.47362,-76.5919,330.87,0.62,0.54,2017-09-18,1758,N,VIIRS,n,2,293.77,4.22,D,0.0,fire_archive_SV-C2_681505.csv,Cali
3.47435,-76.58731,329.71,0.62,0.54,2017-09-18,1758,N,VIIRS,n,2,291.1,4.22,D,0.0,fire_archive_SV-C2_681505.csv,Cali
3.47275,-76.46808,348.1,0.49,0.65,2017-10-10,1745,N,VIIRS,n,2,292.43,10.33,D,0.0,fire_archive_SV-C2_681505.csv,Cali
3.47199,-76.47258,334.76,0.5,0.65,2017-10-10,1745,N,VIIRS,n,2,292.65,5.71,D,0.0,fire_archive_SV-C2_681505.csv,Cali
3.33441,-76.473,337.66,0.6,0.53,2018-01-08,1757,N,VIIRS,n,2,290.93,6.41,D,0.0,fire_archive_SV-C2_681505.csv,Cali
3.40473,-76.4599,349.66,0.57,0.43,2018-02-01,1847,N,VIIRS,n,2,303.14,6.07,D,0.0,fire_archive_SV-C2_681505.csv,Cali
3.33705,-76.48272,330.66,0.4,0.37,2018-02-07,1835,N,VIIRS,n,2,297.09,3.29,D,0.0,fire_archive_SV-C2_681505.csv,Cali
3.48578,-76.45139,325.5,0.54,0.51,2018-02-17,604,N,VIIRS,n,2,273.74,4.41,N,0.0,fire_archive_SV-C2_681505.csv,Cali
3.53548,-76.50529,331.35,0.61,0.54,2018-02-25,1757,N,VIIRS,n,2,292.59,6.43,D,0.0,fire_archive_SV-C2_681505.csv,Cali
3.3542,-76.45996,345.6,0.47,0.39,2018-03-12,1816,N,VIIRS,n,2,303.89,16.77,D,0.0,fire_archive_SV-C2_681505.csv,Cali
3.39523,-76.55492,337.48,0.46,0.39,2018-03-16,1841,N,VIIRS,n,2,299.76,5.54,D,0.0,fire_archive_SV-C2_681505.csv,Cali
3.38272,-76.47778,333.88,0.4,0.37,2018-06-21,1822,N,VIIRS,n,2,298.11,2.36,D,0.0,fire_archive_SV-C2_681505.csv,Cali
3.4845,-76.47935,316.68,0.39,0.36,2018-08-16,630,N,VIIRS,n,2,288.95,1.05,N,0.0,fire_archive_SV-C2_681505.csv,Cali
3.48117,-76.47986,303.51,0.39,0.36,2018-08-16,630,N,VIIRS,n,2,289.14,1.05,N,0.0,fire_archive_SV-C2_681505.csv,Cali
3.43266,-76.46358,295.28,0.39,0.36,2018-08-21,636,N,VIIRS,n,2,274.93,0.57,N,0.0,fire_archive_SV-C2_681505.csv,Cali
3.46832,-76.47556,297.19,0.51,0.41,2018-08-22,617,N,VIIRS,n,2,275.56,0.85,N,0.0,fire_archive_SV-C2_681505.csv,Cali
3.38656,-76.48026,342.78,0.4,0.37,2018-08-24,1822,N,VIIRS,l,2,304.12,6.04,D,0.0,fire_archive_SV-C2_681505.csv,Cali
3.5332,-76.54411,299.47,0.35,0.57,2018-09-08,559,N,VIIRS,n,2,282.61,0.82,N,0.0,fire_archive_SV-C2_681505.csv,Cali
3.52787,-76.54427,296.65,0.35,0.57,2018-09-08,559,N,VIIRS,n,2,281.57,0.82,N,0.0,fire_archive_SV-C2_681505.csv,Cali
3.53279,-76.54137,297.31,0.35,0.57,2018-09-08,559,N,VIIRS,n,2,283.11,0.82,N,0.0,fire_archive_SV-C2_681505.csv,Cali
3.53239,-76.53864,296.5,0.35,0.57,2018-09-08,559,N,VIIRS,n,2,283.35,2.07,N,0.0,fire_archive_SV-C2_681505.csv,Cali
3.53062,-76.54915,340.54,0.46,0.39,2018-09-08,1841,N,VIIRS,n,2,289.49,6.26,D,0.0,fire_archive_SV-C2_681505.csv,Cali
3.53494,-76.54507,336.96,0.46,0.39,2018-09-08,1841,N,VIIRS,n,2,295.61,5.73,D,0.0,fire_archive_SV-C2_681505.csv,Cali
3.53424,-76.54965,343.94,0.46,0.39,2018-09-08,1841,N,VIIRS,n,2,293.18,5.73,D,0.0,fire_archive_SV-C2_681505.csv,Cali
3.53785,-76.55019,346.89,0.46,0.39,2018-09-08,1841,N,VIIRS,n,2,294.74,5.73,D,0.0,fire_archive_SV-C2_681505.csv,Cali
3.53183,-76.54784,348.09,0.46,0.39,2018-09-08,1841,N,VIIRS,n,2,297.16,9.15,D,0.0,fire_archive_SV-C2_681505.csv,Cali
3.53545,-76.54833,341.01,0.46,0.39,2018-09-08,1841,N,VIIRS,n,2,294.86,9.15,D,0.0,fire_archive_SV-C2_681505.csv,Cali
3.53906,-76.54892,334.21,0.46,0.39,2018-09-08,1841,N,VIIRS,n,2,291.88,4.46,D,0.0,fire_archive_SV-C2_681505.csv,Cali
3.30032,-76.54633,337.04,0.47,0.4,2018-09-20,1816,N,VIIRS,n,2,302.51,5.54,D,0.0,fire_archive_SV-C2_681505.csv,Cali
3.30396,-76.54687,332.99,0.47,0.4,2018-09-20,1816,N,VIIRS,l,2,299.69,4.84,D,0.0,fire_archive_SV-C2_681505.csv,Cali
3.46547,-76.45358,367.0,0.72,0.76,2018-09-25,540,N,VIIRS,h,2,285.33,17.22,N,0.0,fire_archive_SV-C2_681505.csv,Cali
3.46291,-76.45557,367.0,0.72,0.76,2018-09-25,540,N,VIIRS,h,2,284.99,13.08,N,0.0,fire_archive_SV-C2_681505.csv,Cali
3.46994,-76.45448,328.61,0.72,0.76,2018-09-25,540,N,VIIRS,n,2,284.3,5.2,N,0.0,fire_archive_SV-C2_681505.csv,Cali
3.46646,-76.46028,300.34,0.72,0.76,2018-09-25,540,N,VIIRS,n,2,284.2,17.22,N,0.0,fire_archive_SV-C2_681505.csv,Cali
3.49096,-76.59609,332.67,0.62,0.54,2018-10-07,1758,N,VIIRS,n,2,286.05,6.41,D,0.0,fire_archive_SV-C2_681505.csv,Cali
3.3725,-76.52642,328.08,0.57,0.43,2018-10-17,1810,N,VIIRS,n,2,297.22,6.39,D,0.0,fire_archive_SV-C2_681505.csv,Cali
3.32445,-76.46207,343.35,0.38,0.36,2018-12-19,1829,N,VIIRS,n,2,299.21,7.71,D,0.0,fire_archive_SV-C2_681505.csv,Cali
3.51012,-76.45834,310.69,0.34,0.56,2018-12-29,559,N,VIIRS,n,2,287.39,1.29,N,0.0,fire_archive_SV-C2_681505.csv,Cali
3.51058,-76.46141,300.75,0.34,0.56,2018-12-29,559,N,VIIRS,n,2,287.37,1.15,N,0.0,fire_archive_SV-C2_681505.csv,Cali
3.51171,-76.46111,312.67,0.34,0.56,2018-12-29,559,N,VIIRS,n,2,288.63,3.36,N,0.0,fire_archive_SV-C2_681505.csv,Cali
3.51127,-76.45805,329.05,0.34,0.56,2018-12-29,559,N,VIIRS,n,2,288.24,3.43,N,0.0,fire_archive_SV-C2_681505.csv,Cali
3.51643,-76.45725,316.83,0.34,0.56,2018-12-29,559,N,VIIRS,n,2,284.39,0.82,N,0.0,fire_archive_SV-C2_681505.csv,Cali
3.51688,-76.46033,297.41,0.34,0.56,2018-12-29,559,N,VIIRS,n,2,283.42,0.98,N,0.0,fire_archive_SV-C2_681505.csv,Cali
3.3247,-76.4602,328.15,0.63,0.72,2019-01-12,1739,N,VIIRS,n,2,288.4,3.72,D,0.0,fire_archive_SV-C2_681505.csv,Cali
3.51539,-76.50432,331.23,0.4,0.37,2019-01-15,1822,N,VIIRS,n,2,301.02,2.72,D,0.0,fire_archive_SV-C2_681505.csv,Cali
3.46283,-76.51073,340.34,0.46,0.39,2019-01-26,1816,N,VIIRS,n,2,307.41,4.65,D,0.0,fire_archive_SV-C2_681505.csv,Cali
3.46788,-76.57495,335.14,0.43,0.38,2019-02-03,624,N,VIIRS,n,2,286.58,4.24,N,0.0,fire_archive_SV-C2_681505.csv,Cali
3.46443,-76.57568,306.14,0.43,0.38,2019-02-03,624,N,VIIRS,n,2,286.66,1.52,N,0.0,fire_archive_SV-C2_681505.csv,Cali
3.46849,-76.57963,339.62,0.39,0.6,2019-02-03,1906,N,VIIRS,n,2,290.98,4.16,D,0.0,fire_archive_SV-C2_681505.csv,Cali
3.46904,-76.57592,338.03,0.39,0.6,2019-02-03,1906,N,VIIRS,n,2,289.4,4.16,D,0.0,fire_archive_SV-C2_681505.csv,Cali
3.46966,-76.57172,341.24,0.39,0.6,2019-02-03,1906,N,VIIRS,n,2,291.08,6.1,D,0.0,fire_archive_SV-C2_681505.csv,Cali
3.39812,-76.49698,300.59,0.44,0.62,2019-06-18,552,N,VIIRS,n,2,285.91,2.18,N,0.0,fire_archive_SV-C2_681505.csv,Cali
3.39754,-76.49297,325.57,0.44,0.62,2019-06-18,552,N,VIIRS,n,2,286.13,2.18,N,0.0,fire_archive_SV-C2_681505.csv,Cali
3.47006,-76.46674,334.49,0.46,0.39,2019-07-05,1816,N,VIIRS,n,2,296.63,2.01,D,0.0,fire_archive_SV-C2_681505.csv,Cali
3.47367,-76.4673,333.89,0.46,0.39,2019-07-05,1816,N,VIIRS,n,2,295.22,2.68,D,0.0,fire_archive_SV-C2_681505.csv,Cali
3.54244,-76.49098,325.86,0.62,0.54,2019-07-08,1900,N,VIIRS,n,2,291.92,5.76,D,0.0,fire_archive_SV-C2_681505.csv,Cali
3.34835,-76.4911,299.44,0.42,0.38,2019-08-14,624,N,VIIRS,n,2,275.3,0.4,N,0.0,fire_archive_SV-C2_681505.csv,Cali
3.54551,-76.52057,352.52,0.57,0.43,2019-08-15,1848,N,VIIRS,n,2,285.25,59.76,D,0.0,fire_archive_SV-C2_681505.csv,Cali
3.5447,-76.52599,337.01,0.57,0.43,2019-08-15,1848,N,VIIRS,n,2,276.41,22.52,D,0.0,fire_archive_SV-C2_681505.csv,Cali
3.54952,-76.52105,353.32,0.57,0.43,2019-08-15,1848,N,VIIRS,n,2,277.07,59.76,D,0.0,fire_archive_SV-C2_681505.csv,Cali
3.54867,-76.52671,333.57,0.57,0.43,2019-08-15,1848,N,VIIRS,n,2,275.13,22.52,D,0.0,fire_archive_SV-C2_681505.csv,Cali
3.32284,-76.49419,301.85,0.42,0.45,2019-08-20,611,N,VIIRS,n,2,269.64,1.44,N,0.0,fire_archive_SV-C2_681505.csv,Cali
3.46999,-76.5891,348.19,0.4,0.37,2019-09-06,1835,N,VIIRS,n,2,286.5,12.65,D,0.0,fire_archive_SV-C2_681505.csv,Cali
3.32094,-76.61666,331.56,0.47,0.4,2019-09-07,1816,N,VIIRS,n,2,300.01,4.5,D,0.0,fire_archive_SV-C2_681505.csv,Cali
3.50318,-76.52621,301.28,0.39,0.36,2019-09-09,636,N,VIIRS,n,2,289.17,0.47,N,0.0,fire_archive_SV-C2_681505.csv,Cali
3.45098,-76.5168,333.34,0.48,0.48,2019-09-13,1804,N,VIIRS,n,2,297.77,4.52,D,0.0,fire_archive_SV-C2_681505.csv,Cali
3.45539,-76.51747,343.79,0.48,0.48,2019-09-13,1804,N,VIIRS,n,2,296.66,5.97,D,0.0,fire_archive_SV-C2_681505.csv,Cali
3.3203,-76.51435,355.99,0.48,0.48,2019-10-15,1804,N,VIIRS,n,2,296.26,13.45,D,0.0,fire_archive_SV-C2_681505.csv,Cali
3.3327,-76.48475,339.76,0.48,0.48,2019-11-24,1854,N,VIIRS,n,2,294.24,8.26,D,0.0,fire_archive_SV-C2_681505.csv,Cali
3.53247,-76.46246,305.68,0.43,0.38,2020-01-04,642,N,VIIRS,n,2,288.93,1.25,N,0.0,fire_archive_SV-C2_681505.csv,Cali
3.47801,-76.45267,329.49,0.51,0.66,2020-02-11,1912,N,VIIRS,n,2,295.53,2.27,D,0.0,fire_archive_SV-C2_681505.csv,Cali
3.39664,-76.5003,342.13,0.41,0.37,2020-07-12,1822,N,VIIRS,n,2,298.25,7.44,D,0.0,fire_archive_SV-C2_681505.csv,Cali
3.39127,-76.4803,334.33,0.57,0.43,2020-07-18,1809,N,VIIRS,n,2,299.19,3.97,D,0.0,fire_archive_SV-C2_681505.csv,Cali
3.38146,-76.4576,344.81,0.38,0.36,2020-08-02,1828,N,VIIRS,n,2,309.27,5.42,D,0.0,fire_archive_SV-C2_681505.csv,Cali
3.38094,-76.46105,335.98,0.38,0.36,2020-08-02,1828,N,VIIRS,n,2,309.61,5.42,D,0.0,fire_archive_SV-C2_681505.csv,Cali
3.47281,-76.47018,327.79,0.64,0.72,2020-09-11,1738,N,VIIRS,n,2,289.64,3.75,D,0.0,fire_archive_SV-C2_681505.csv,Cali
3.38357,-76.47484,335.38,0.46,0.39,2020-09-25,1816,N,VIIRS,n,2,293.71,7.38,D,0.0,fire_archive_SV-C2_681505.csv,Cali
3.38803,-76.45321,331.67,0.38,0.36,2021-01-09,1828,N,VIIRS,n,2,295.32,4.29,D,0.0,fire_archive_SV-C2_681505.csv,Cali
3.47736,-76.48957,303.26,0.39,0.36,2021-01-17,636,N,VIIRS,n,2,289.17,0.42,N,0.0,fire_archive_SV-C2_681505.csv,Cali
3.39566,-76.49038,342.91,0.57,0.43,2021-01-24,1847,N,VIIRS,n,2,295.49,6.34,D,0.0,fire_archive_SV-C2_681505.csv,Cali
3.39823,-76.47234,336.37,0.4,0.37,2021-02-05,1822,N,VIIRS,n,2,296.49,3.05,D,0.0,fire_archive_SV-C2_681505.csv,Cali
3.49063,-76.50899,332.25,0.4,0.37,2021-02-05,1822,N,VIIRS,n,2,300.18,1.41,D,0.0,fire_archive_SV-C2_681505.csv,Cali
3.35246,-76.47242,355.04,0.4,0.37,2021-06-29,1822,N,VIIRS,n,2,308.25,15.33,D,0.0,fire_archive_SV-C2_681505.csv,Cali
3.35585,-76.47294,344.21,0.4,0.37,2021-06-29,1822,N,VIIRS,n,2,308.37,6.06,D,0.0,fire_archive_SV-C2_681505.csv,Cali
3.3971,-76.49068,331.38,0.38,0.44,2021-08-04,1848,N,VIIRS,n,2,290.94,1.42,D,0.0,fire_archive_SV-C2_681505.csv,Cali
3.39659,-76.49415,328.65,0.38,0.44,2021-08-04,1848,N,VIIRS,n,2,292.04,2.17,D,0.0,fire_archive_SV-C2_681505.csv,Cali
3.39786,-76.60142,336.48,0.4,0.37,2021-08-10,1835,N,VIIRS,n,2,279.65,4.49,D,0.0,fire_archive_SV-C2_681505.csv,Cali
3.51276,-76.49144,332.08,0.39,0.44,2021-09-05,1848,N,VIIRS,n,2,289.83,2.21,D,0.0,fire_archive_SV-C2_681505.csv,Cali
3.48196,-76.46329,344.81,0.38,0.36,2021-10-08,1829,N,VIIRS,n,2,289.26,4.57,D,0.0,fire_archive_SV-C2_681505.csv,Cali
3.47865,-76.46278,342.84,0.38,0.36,2021-10-08,1829,N,VIIRS,n,2,304.26,66.82,D,0.0,fire_archive_SV-C2_681505.csv,Cali
3.48464,-76.48029,329.4,0.5,0.66,2022-02-16,1913,N,VIIRS,n,2,288.3,3.69,D,0.0,fire_archive_SV-C2_681505.csv,Cali
3.48497,-76.48019,327.32,0.5,0.66,2022-02-16,1913,N,VIIRS,n,2,288.29,4.93,D,0.0,fire_archive_SV-C2_681505.csv,Cali
3.37491,-76.47401,336.23,0.57,0.43,2022-07-06,1847,N,VIIRS,n,2,298.4,9.26,D,0.0,fire_archive_SV-C2_681505.csv,Cali
3.40648,-76.52377,299.06,0.34,0.56,2022-07-17,559,N,VIIRS,n,2,286.38,0.68,N,0.0,fire_archive_SV-C2_681505.csv,Cali
3.40127,-76.52454,297.63,0.34,0.56,2022-07-17,559,N,VIIRS,n,2,286.43,0.68,N,0.0,fire_archive_SV-C2_681505.csv,Cali
3.45036,-76.57536,333.45,0.48,0.48,2022-08-28,1854,N,VIIRS,n,2,292.66,4.84,D,0.0,fire_archive_SV-C2_681505.csv,Cali
3.37335,-76.52881,337.06,0.56,0.43,2022-09-26,1811,N,VIIRS,n,2,299.74,4.67,D,0.0,fire_archive_SV-C2_681505.csv,Cali
3.40574,-76.48879,341.33,0.47,0.48,2022-10-07,1804,N,VIIRS,n,2,291.41,4.52,D,0.0,fire_archive_SV-C2_681505.csv,Cali
3.41197,-76.4796,308.28,0.39,0.36,2022-10-14,631,N,VIIRS,n,2,277.1,0.86,N,0.0,fire_archive_SV-C2_681505.csv,Cali
3.41252,-76.48306,302.45,0.39,0.36,2022-10-14,631,N,VIIRS,n,2,274.54,0.78,N,0.0,fire_archive_SV-C2_681505.csv,Cali
3.40981,-76.47905,330.36,0.47,0.4,2022-10-21,1842,N,VIIRS,n,2,295.25,4.8,D,0.0,fire_archive_SV-C2_681505.csv,Cali
3.52489,-76.49913,325.94,0.57,0.43,2022-11-29,1810,N,VIIRS,n,2,295.91,5.21,D,0.0,fire_archive_SV-C2_681505.csv,Cali
3.49503,-76.51482,332.43,0.41,0.37,2022-12-09,1823,N,VIIRS,l,2,302.68,4.07,D,0.0,fire_archive_SV-C2_681505.csv,Cali
3.40249,-76.5235,303.35,0.54,0.51,2022-12-13,605,N,VIIRS,n,2,286.98,1.24,N,0.0,fire_archive_SV-C2_681505.csv,Cali
3.47149,-76.47093,333.49,0.57,0.43,2023-01-30,1849,N,VIIRS,n,2,298.97,5.18,D,0.0,fire_archive_SV-C2_681505.csv,Cali
3.3879,-76.48492,330.65,0.57,0.43,2023-02-01,1811,N,VIIRS,n,2,297.83,4.6,D,0.0,fire_archive_SV-C2_681505.csv,Cali
3.44289,-76.53019,309.23,0.39,0.36,2023-02-24,638,N,VIIRS,n,2,288.83,0.75,N,0.0,fire_archive_SV-C2_681505.csv,Cali
3.41117,-76.48176,341.77,0.38,0.36,2023-05-07,1830,N,VIIRS,n,2,302.97,11.68,D,0.0,fire_archive_SV-C2_681505.csv,Cali
3.40393,-76.49222,339.76,0.38,0.36,2023-06-08,1830,N,VIIRS,n,2,300.28,12.67,D,0.0,fire_archive_SV-C2_681505.csv,Cali
3.47129,-76.46778,330.69,0.48,0.48,2023-06-20,1805,N,VIIRS,n,2,287.5,3.82,D,0.0,fire_archive_SV-C2_681505.csv,Cali
3.53741,-76.45069,331.81,0.46,0.39,2023-06-30,1817,N,VIIRS,n,2,292.53,2.57,D,0.0,fire_archive_SV-C2_681505.csv,Cali
3.53378,-76.45013,325.53,0.46,0.39,2023-06-30,1817,N,VIIRS,n,2,292.43,2.57,D,0.0,fire_archive_SV-C2_681505.csv,Cali
3.53677,-76.45486,325.53,0.46,0.39,2023-06-30,1817,N,VIIRS,n,2,292.85,1.7,D,0.0,fire_archive_SV-C2_681505.csv,Cali
3.4711,-76.56802,298.43,0.43,0.46,2023-07-14,612,N,VIIRS,n,2,259.93,0.82,N,0.0,fire_archive_SV-C2_681505.csv,Cali
3.47529,-76.5673,301.84,0.43,0.46,2023-07-14,612,N,VIIRS,n,2,269.79,1.33,N,0.0,fire_archive_SV-C2_681505.csv,Cali
3.38946,-76.48109,338.88,0.47,0.39,2023-08-05,1842,N,VIIRS,n,2,303.26,3.52,D,0.0,fire_archive_SV-C2_681505.csv,Cali
3.49127,-76.53437,330.57,0.57,0.43,2023-08-10,1849,N,VIIRS,n,2,295.62,4.66,D,0.0,fire_archive_SV-C2_681505.csv,Cali
3.34535,-76.47602,339.17,0.39,0.59,2023-08-29,1752,N,VIIRS,n,2,296.78,3.59,D,0.0,fire_archive_SV-C2_681505.csv,Cali
3.49391,-76.53962,339.43,0.61,0.54,2023-09-21,1901,N,VIIRS,n,2,303.05,9.96,D,0.0,fire_archive_SV-C2_681505.csv,Cali
3.49984,-76.53367,342.71,0.61,0.54,2023-09-21,1901,N,VIIRS,n,2,301.15,10.63,D,0.0,fire_archive_SV-C2_681505.csv,Cali
3.49875,-76.54105,352.19,0.61,0.54,2023-09-21,1901,N,VIIRS,n,2,302.55,10.63,D,0.0,fire_archive_SV-C2_681505.csv,Cali
3.47987,-76.53638,301.08,0.35,0.56,2023-09-22,559,N,VIIRS,n,2,287.91,0.88,N,0.0,fire_archive_SV-C2_681505.csv,Cali
3.47499,-76.53951,320.3,0.35,0.56,2023-09-22,559,N,VIIRS,n,2,288.12,0.88,N,0.0,fire_archive_SV-C2_681505.csv,Cali
3.48024,-76.53889,304.67,0.35,0.56,2023-09-22,559,N,VIIRS,n,2,288.47,0.88,N,0.0,fire_archive_SV-C2_681505.csv,Cali
3.47874,-76.52881,338.39,0.46,0.39,2023-09-22,1842,N,VIIRS,n,2,294.93,6.97,D,0.0,fire_archive_SV-C2_681505.csv,Cali
3.3721,-76.5257,336.2,0.57,0.43,2023-09-29,1810,N,VIIRS,n,2,298.96,2.59,D,0.0,fire_archive_SV-C2_681505.csv,Cali
3.44872,-76.57406,338.35,0.47,0.48,2023-10-02,1854,N,VIIRS,n,2,294.78,7.72,D,0.0,fire_archive_SV-C2_681505.csv,Cali
3.44805,-76.57799,339.81,0.47,0.48,2023-10-02,1854,N,VIIRS,n,2,293.93,7.42,D,0.0,fire_archive_SV-C2_681505.csv,Cali
3.39019,-76.48853,343.57,0.56,0.43,2024-01-19,1810,N,VIIRS,n,2,294.44,10.76,D,0.0,fire_archive_SV-C2_681505.csv,Cali
3.38893,-76.48601,344.19,0.56,0.43,2024-01-19,1810,N,VIIRS,n,2,293.49,8.73,D,0.0,fire_archive_SV-C2_681505.csv,Cali
3.50824,-76.4865,329.28,0.42,0.38,2024-02-01,624,N,VIIRS,n,2,289.88,5.82,N,0.0,fire_archive_SV-C2_681505.csv,Cali
3.45503,-76.55685,301.96,0.43,0.38,2024-02-01,624,N,VIIRS,n,2,288.59,1.39,N,0.0,fire_archive_SV-C2_681505.csv,Cali
3.37633,-76.50555,355.81,0.4,0.6,2024-02-01,1907,N,VIIRS,n,2,294.19,7.28,D,0.0,fire_archive_SV-C2_681505.csv,Cali
3.3776,-76.50409,367.0,0.4,0.6,2024-02-01,1907,N,VIIRS,h,2,293.77,6.66,D,0.0,fire_archive_SV-C2_681505.csv,Cali
3.49647,-76.51336,298.44,0.35,0.56,2024-03-07,708,N,VIIRS,n,2,286.71,1.3,N,0.0,fire_archive_SV-C2_681505.csv,Cali
3.33209,-76.48827,320.61,0.43,0.46,2024-03-13,655,N,VIIRS,n,2,287.66,3.28,N,0.0,fire_archive_SV-C2_681505.csv,Cali
3.33145,-76.48439,327.18,0.43,0.46,2024-03-13,655,N,VIIRS,n,2,287.86,3.28,N,0.0,fire_archive_SV-C2_681505.csv,Cali
3.52373,-76.49172,338.47,0.47,0.4,2024-03-16,1842,N,VIIRS,n,2,304.17,8.59,D,0.0,fire_archive_SV-C2_681505.csv,Cali
3.40545,-76.48785,356.89,0.47,0.4,2024-03-16,1842,N,VIIRS,n,2,301.36,17.22,D,0.0,fire_archive_SV-C2_681505.csv,Cali
3.51452,-76.514,332.17,0.47,0.48,2024-03-18,1804,N,VIIRS,n,2,301.25,8.22,D,0.0,fire_archive_SV-C2_681505.csv,Cali
3.43116,-76.45575,367.0,0.41,0.6,2024-08-11,1907,N,VIIRS,h,2,293.64,7.7,D,0.0,fire_archive_SV-C2_681505.csv,Cali
3.37939,-76.48312,309.6,0.41,0.45,2024-08-17,611,N,VIIRS,n,2,288.46,1.04,N,0.0,fire_archive_SV-C2_681505.csv,Cali
3.46571,-76.56419,335.58,0.63,0.72,2024-08-21,1739,N,VIIRS,n,2,287.86,6.09,D,0.0,fire_archive_SV-C2_681505.csv,Cali
3.30245,-76.50014,367.0,0.4,0.6,2024-08-27,1907,N,VIIRS,h,2,301.48,23.07,D,0.0,fire_archive_SV-C2_681505.csv,Cali
3.30192,-76.50385,356.14,0.4,0.6,2024-08-27,1907,N,VIIRS,n,2,302.24,17.59,D,0.0,fire_archive_SV-C2_681505.csv,Cali
3.30802,-76.50096,367.0,0.4,0.6,2024-08-27,1907,N,VIIRS,h,2,301.05,14.63,D,0.0,fire_archive_SV-C2_681505.csv,Cali
3.30749,-76.50467,338.55,0.4,0.6,2024-08-27,1907,N,VIIRS,n,2,301.8,7.2,D,0.0,fire_archive_SV-C2_681505.csv,Cali
3.3158,-76.46926,299.84,0.39,0.36,2024-09-01,630,N,VIIRS,n,2,288.2,0.42,N,0.0,fire_archive_SV-C2_681505.csv,Cali
3.32353,-76.47516,309.06,0.39,0.36,2024-09-01,630,N,VIIRS,n,2,287.71,1.23,N,0.0,fire_archive_SV-C2_681505.csv,Cali
3.46005,-76.59064,350.76,0.64,0.72,2024-09-06,1739,N,VIIRS,n,2,295.87,10.57,D,0.0,fire_archive_SV-C2_681505.csv,Cali
3.46292,-76.59131,336.19,0.64,0.72,2024-09-06,1739,N,VIIRS,n,2,294.15,8.14,D,0.0,fire_archive_SV-C2_681505.csv,Cali
3.46489,-76.58849,367.0,0.65,0.73,2024-09-06,1919,N,VIIRS,h,2,295.87,67.64,D,0.0,fire_archive_SV-C2_681505.csv,Cali
3.4638,-76.59581,342.83,0.65,0.73,2024-09-06,1919,N,VIIRS,n,2,290.38,25.73,D,0.0,fire_archive_SV-C2_681505.csv,Cali
3.46088,-76.58274,367.0,0.65,0.73,2024-09-06,1919,N,VIIRS,h,2,295.95,98.62,D,0.0,fire_archive_SV-C2_681505.csv,Cali
3.45988,-76.58986,353.29,0.65,0.73,2024-09-06,1919,N,VIIRS,n,2,298.84,43.7,D,0.0,fire_archive_SV-C2_681505.csv,Cali
3.4588,-76.59756,332.87,0.65,0.73,2024-09-06,1919,N,VIIRS,n,2,291.27,43.7,D,0.0,fire_archive_SV-C2_681505.csv,Cali
3.46635,-76.59298,367.0,0.65,0.73,2024-09-06,1919,N,VIIRS,h,2,290.31,23.96,D,0.0,fire_archive_SV-C2_681505.csv,Cali
3.46742,-76.58535,335.37,0.65,0.73,2024-09-06,1919,N,VIIRS,n,2,290.93,21.45,D,0.0,fire_archive_SV-C2_681505.csv,Cali
3.45929,-76.57958,367.0,0.65,0.73,2024-09-06,1919,N,VIIRS,h,2,293.11,67.64,D,0.0,fire_archive_SV-C2_681505.csv,Cali
3.45713,-76.59425,367.0,0.65,0.73,2024-09-06,1919,N,VIIRS,h,2,292.65,25.73,D,0.0,fire_archive_SV-C2_681505.csv,Cali
3.45826,-76.58659,350.64,0.65,0.73,2024-09-06,1919,N,VIIRS,n,2,297.11,67.64,D,0.0,fire_archive_SV-C2_681505.csv,Cali
3.46167,-76.59742,301.39,0.5,0.41,2024-09-07,617,N,VIIRS,n,2,260.6,0.86,N,0.0,fire_archive_SV-C2_681505.csv,Cali
3.46101,-76.59314,296.13,0.5,0.41,2024-09-07,617,N,VIIRS,n,2,257.82,0.27,N,0.0,fire_archive_SV-C2_681505.csv,Cali
3.45789,-76.59793,337.73,0.5,0.41,2024-09-07,617,N,VIIRS,n,2,261.64,4.45,N,0.0,fire_archive_SV-C2_681505.csv,Cali
3.45724,-76.59364,317.49,0.5,0.41,2024-09-07,617,N,VIIRS,n,2,258.05,3.18,N,0.0,fire_archive_SV-C2_681505.csv,Cali
3.45411,-76.59838,316.68,0.5,0.41,2024-09-07,617,N,VIIRS,n,2,259.5,4.45,N,0.0,fire_archive_SV-C2_681505.csv,Cali
3.44584,-76.59468,297.21,0.5,0.41,2024-09-07,617,N,VIIRS,n,2,257.33,0.22,N,0.0,fire_archive_SV-C2_681505.csv,Cali
3.37499,-76.46704,321.16,0.52,0.42,2024-09-16,649,N,VIIRS,n,2,285.78,3.82,N,0.0,fire_archive_SV-C2_681505.csv,Cali
3.37703,-76.46453,302.44,0.52,0.42,2024-09-16,649,N,VIIRS,n,2,283.32,0.58,N,0.0,fire_archive_SV-C2_681505.csv,Cali
3.42195,-76.57919,348.72,0.51,0.66,2024-09-17,1912,N,VIIRS,n,2,298.32,5.96,D,0.0,fire_archive_SV-C2_681505.csv,Cali
3.43732,-76.45496,338.75,0.41,0.37,2024-09-19,1835,N,VIIRS,n,2,307.62,6.32,D,0.0,fire_archive_SV-C2_681505.csv,Cali
3.3721,-76.52669,329.04,0.57,0.43,2024-10-01,1809,N,VIIRS,n,2,297.52,3.71,D,0.0,fire_archive_SV-C2_681505.csv,Cali
3.46839,-76.59692,325.37,0.55,0.43,2024-10-15,1847,N,VIIRS,n,2,287.8,1.32,D,0.0,fire_archive_SV-C2_681505.csv,Cali
3.46824,-76.59427,327.55,0.55,0.43,2024-10-15,1847,N,VIIRS,n,2,288.58,3.92,D,0.0,fire_archive_SV-C2_681505.csv,Cali
3.51027,-76.51559,338.0,0.38,0.36,2024-10-16,1828,N,VIIRS,n,2,306.59,8.4,D,0.0,fire_archive_SV-C2_681505.csv,Cali
3.37952,-76.51432,340.05,0.38,0.43,2024-10-17,1809,N,VIIRS,n,2,304.93,22.73,D,0.0,fire_archive_SV-C2_681505.csv,Cali
3.38006,-76.51089,342.01,0.38,0.43,2024-10-17,1809,N,VIIRS,n,2,300.32,22.73,D,0.0,fire_archive_SV-C2_681505.csv,Cali
3.49661,-76.51415,304.97,0.42,0.38,2025-01-18,624,N,VIIRS,n,2,289.55,0.64,N,0.0,fire_archive_SV-C2_681505.csv,Cali
3.49603,-76.51039,302.49,0.42,0.38,2025-01-18,624,N,VIIRS,n,2,289.42,0.64,N,0.0,fire_archive_SV-C2_681505.csv,Cali
3.49315,-76.51469,312.97,0.42,0.38,2025-01-18,624,N,VIIRS,n,2,290.26,1.9,N,0.0,fire_archive_SV-C2_681505.csv,Cali
3.49256,-76.51092,318.81,0.42,0.38,2025-01-18,624,N,VIIRS,n,2,290.3,1.9,N,0.0,fire_archive_SV-C2_681505.csv,Cali
3.4572,-76.60736,298.51,0.52,0.41,2025-01-22,649,N,VIIRS,n,2,286.36,5.93,N,0.0,fire_archive_SV-C2_681505.csv,Cali
3.46101,-76.60672,355.57,0.52,0.41,2025-01-22,649,N,VIIRS,n,2,290.28,5.93,N,0.0,fire_archive_SV-C2_681505.csv,Cali
3.48251,-76.59199,331.58,0.46,0.39,2025-01-26,1817,N,VIIRS,n,2,296.03,4.35,D,0.0,fire_archive_SV-C2_681505.csv,Cali
3.32637,-76.45903,335.84,0.41,0.37,2025-06-18,1837,N,VIIRS,n,2,301.05,4.23,D,0.0,fire_archive_SV-C2_681505.csv,Cali
3.49648,-76.51515,333.81,0.46,0.39,2025-06-19,1818,N,VIIRS,n,2,303.66,4.78,D,0.0,fire_archive_SV-C2_681505.csv,Cali
3.32077,-76.49179,340.88,0.48,0.48,2025-07-27,1805,N,VIIRS,n,2,297.14,9.54,D,0.0,fire_archive_SV-C2_681505.csv,Cali
3.3201,-76.4961,334.52,0.48,0.48,2025-07-27,1805,N,VIIRS,n,2,297.41,6.44,D,0.0,fire_archive_SV-C2_681505.csv,Cali
3.3192,-76.49517,341.32,0.48,0.48,2025-07-27,1805,N,VIIRS,n,2,298.25,7.34,D,0.0,fire_archive_SV-C2_681505.csv,Cali
3.4808,-76.49902,334.89,0.38,0.36,2024-01-22,1828,N21,VIIRS,n,2.0NRT,303.76,1.65,D,,fire_nrt_J2V-C2_681504.csv,Cali
3.31207,-76.48429,340.5,0.48,0.48,2024-02-19,1802,N21,VIIRS,n,2.0NRT,296.48,6.28,D,,fire_nrt_J2V-C2_681504.csv,Cali
3.49577,-76.51452,300.07,0.55,0.51,2024-02-22,603,N21,VIIRS,n,2.0NRT,288.19,0.82,N,,fire_nrt_J2V-C2_681504.csv,Cali
3.32193,-76.4703,334.37,0.49,0.49,2024-03-14,1851,N21,VIIRS,n,2.0NRT,296.99,3.48,D,,fire_nrt_J2V-C2_681504.csv,Cali
3.51051,-76.60329,311.89,0.46,0.63,2024-03-16,714,N21,VIIRS,n,2.0NRT,282.8,2.64,N,,fire_nrt_J2V-C2_681504.csv,Cali
3.51196,-76.60387,304.93,0.46,0.63,2024-03-16,714,N21,VIIRS,n,2.0NRT,282.75,3.45,N,,fire_nrt_J2V-C2_681504.csv,Cali
3.51139,-76.60055,316.27,0.46,0.63,2024-03-16,714,N21,VIIRS,n,2.0NRT,283.09,3.51,N,,fire_nrt_J2V-C2_681504.csv,Cali
3.50997,-76.59998,299.06,0.46,0.63,2024-03-16,714,N21,VIIRS,n,2.0NRT,282.74,1.74,N,,fire_nrt_J2V-C2_681504.csv,Cali
3.3282,-76.48001,331.19,0.49,0.49,2024-03-30,1853,N21,VIIRS,n,2.0NRT,296.3,2.81,D,,fire_nrt_J2V-C2_681504.csv,Cali
3.49366,-76.51411,302.6,0.53,0.5,2024-04-10,603,N21,VIIRS,n,2.0NRT,291.36,1.22,N,,fire_nrt_J2V-C2_681504.csv,Cali
3.48292,-76.47771,346.38,0.46,0.39,2024-07-22,1815,N21,VIIRS,n,2.0NRT,299.31,10.64,D,,fire_nrt_J2V-C2_681504.csv,Cali
3.45676,-76.60712,343.91,0.4,0.37,2024-08-22,1836,N21,VIIRS,n,2.0NRT,299.7,10.89,D,,fire_nrt_J2V-C2_681504.csv,Cali
3.45284,-76.61026,336.5,0.4,0.37,2024-08-22,1836,N21,VIIRS,n,2.0NRT,303.34,7.71,D,,fire_nrt_J2V-C2_681504.csv,Cali
3.4534,-76.60661,341.24,0.4,0.37,2024-08-22,1836,N21,VIIRS,n,2.0NRT,297.86,10.89,D,,fire_nrt_J2V-C2_681504.csv,Cali
3.45003,-76.60613,330.0,0.4,0.37,2024-08-22,1836,N21,VIIRS,n,2.0NRT,294.71,9.48,D,,fire_nrt_J2V-C2_681504.csv,Cali
3.35697,-76.47672,332.75,0.47,0.39,2024-08-27,1843,N21,VIIRS,l,2.0NRT,305.13,3.59,D,,fire_nrt_J2V-C2_681504.csv,Cali
3.30881,-76.50343,340.51,0.46,0.39,2024-08-27,1843,N21,VIIRS,n,2.0NRT,308.75,23.64,D,,fire_nrt_J2V-C2_681504.csv,Cali
3.30521,-76.50288,367.0,0.46,0.39,2024-08-27,1843,N21,VIIRS,l,2.0NRT,329.61,56.42,D,,fire_nrt_J2V-C2_681504.csv,Cali
3.3046,-76.50703,335.58,0.46,0.39,2024-08-27,1843,N21,VIIRS,l,2.0NRT,306.37,56.42,D,,fire_nrt_J2V-C2_681504.csv,Cali
3.30162,-76.50233,346.41,0.46,0.39,2024-08-27,1843,N21,VIIRS,n,2.0NRT,307.45,56.42,D,,fire_nrt_J2V-C2_681504.csv,Cali
3.32286,-76.49343,331.45,0.57,0.43,2024-09-01,1847,N21,VIIRS,n,2.0NRT,301.38,17.49,D,,fire_nrt_J2V-C2_681504.csv,Cali
3.39234,-76.48235,316.37,0.35,0.57,2024-09-03,707,N21,VIIRS,n,2.0NRT,284.4,1.82,N,,fire_nrt_J2V-C2_681504.csv,Cali
3.3913,-76.47612,306.07,0.35,0.57,2024-09-03,707,N21,VIIRS,n,2.0NRT,284.73,2.08,N,,fire_nrt_J2V-C2_681504.csv,Cali
3.54454,-76.47695,307.27,0.51,0.41,2024-09-04,650,N21,VIIRS,n,2.0NRT,288.43,1.09,N,,fire_nrt_J2V-C2_681504.csv,Cali
3.46029,-76.59461,343.8,0.4,0.37,2024-09-07,1836,N21,VIIRS,n,2.0NRT,300.78,9.81,D,,fire_nrt_J2V-C2_681504.csv,Cali
3.31011,-76.54083,333.38,0.6,0.53,2024-09-11,1900,N21,VIIRS,n,2.0NRT,297.66,5.6,D,,fire_nrt_J2V-C2_681504.csv,Cali
3.40544,-76.49055,341.71,0.61,0.53,2024-09-11,1900,N21,VIIRS,n,2.0NRT,299.46,6.1,D,,fire_nrt_J2V-C2_681504.csv,Cali
3.45341,-76.51517,333.1,0.49,0.48,2024-09-14,1804,N21,VIIRS,n,2.0NRT,301.92,4.2,D,,fire_nrt_J2V-C2_681504.csv,Cali
3.5393,-76.45737,342.2,0.48,0.48,2024-09-14,1804,N21,VIIRS,n,2.0NRT,301.51,5.71,D,,fire_nrt_J2V-C2_681504.csv,Cali
3.37457,-76.46578,335.42,0.43,0.38,2024-09-16,622,N21,VIIRS,n,2.0NRT,291.64,2.96,N,,fire_nrt_J2V-C2_681504.csv,Cali
3.37517,-76.4696,304.01,0.43,0.38,2024-09-16,622,N21,VIIRS,n,2.0NRT,289.81,2.96,N,,fire_nrt_J2V-C2_681504.csv,Cali
3.37111,-76.46631,302.48,0.43,0.38,2024-09-16,622,N21,VIIRS,n,2.0NRT,289.01,0.98,N,,fire_nrt_J2V-C2_681504.csv,Cali
3.51282,-76.51807,340.74,0.48,0.48,2024-10-16,1804,N21,VIIRS,n,2.0NRT,302.54,9.23,D,,fire_nrt_J2V-C2_681504.csv,Cali
3.51352,-76.51785,340.8,0.48,0.48,2024-10-16,1804,N21,VIIRS,n,2.0NRT,302.21,13.68,D,,fire_nrt_J2V-C2_681504.csv,Cali
3.38173,-76.51423,347.45,0.52,0.66,2024-10-17,1745,N21,VIIRS,n,2.0NRT,294.58,7.05,D,,fire_nrt_J2V-C2_681504.csv,Cali
3.49438,-76.51492,340.71,0.4,0.37,2024-12-18,1823,N21,VIIRS,n,2.0NRT,302.17,5.57,D,,fire_nrt_J2V-C2_681504.csv,Cali
3.45835,-76.60712,346.16,0.43,0.38,2025-01-22,624,N21,VIIRS,n,2.0NRT,290.22,7.21,N,,fire_nrt_J2V-C2_681504.csv,Cali
3.46182,-76.60658,309.56,0.43,0.38,2025-01-22,624,N21,VIIRS,n,2.0NRT,287.26,1.54,N,,fire_nrt_J2V-C2_681504.csv,Cali
3.45677,-76.6088,367.0,0.39,0.6,2025-01-22,1908,N21,VIIRS,h,2.0NRT,296.48,9.37,D,,fire_nrt_J2V-C2_681504.csv,Cali
3.4627,-76.60615,341.86,0.39,0.6,2025-01-22,1908,N21,VIIRS,n,2.0NRT,293.45,9.37,D,,fire_nrt_J2V-C2_681504.csv,Cali
3.45524,-76.60768,367.0,0.39,0.6,2025-01-22,1908,N21,VIIRS,h,2.0NRT,295.38,13.14,D,,fire_nrt_J2V-C2_681504.csv,Cali
3.3525,-76.48032,331.52,0.63,0.54,2025-01-31,1758,N21,VIIRS,n,2.0NRT,292.87,5.24,D,,fire_nrt_J2V-C2_681504.csv,Cali
3.3516,-76.48587,327.66,0.63,0.54,2025-01-31,1758,N21,VIIRS,n,2.0NRT,292.31,4.66,D,,fire_nrt_J2V-C2_681504.csv,Cali
3.35653,-76.48664,329.93,0.63,0.54,2025-01-31,1758,N21,VIIRS,n,2.0NRT,291.59,3.36,D,,fire_nrt_J2V-C2_681504.csv,Cali
3.35434,-76.4823,350.77,0.62,0.54,2025-01-31,1758,N21,VIIRS,n,2.0NRT,295.17,9.84,D,,fire_nrt_J2V-C2_681504.csv,Cali
3.3534,-76.48784,331.94,0.63,0.54,2025-01-31,1758,N21,VIIRS,n,2.0NRT,292.83,9.84,D,,fire_nrt_J2V-C2_681504.csv,Cali
3.43967,-76.45138,299.87,0.39,0.36,2025-02-28,629,N21,VIIRS,n,2.0NRT,275.04,0.62,N,,fire_nrt_J2V-C2_681504.csv,Cali
3.30322,-76.4781,330.02,0.4,0.6,2025-03-27,1906,N21,VIIRS,n,2.0NRT,291.99,5.77,D,,fire_nrt_J2V-C2_681504.csv,Cali
3.48213,-76.46104,339.37,0.46,0.39,2025-06-07,1815,N21,VIIRS,n,2.0NRT,296.6,5.1,D,,fire_nrt_J2V-C2_681504.csv,Cali
3.32482,-76.45823,332.59,0.56,0.43,2025-06-18,1811,N21,VIIRS,n,2.0NRT,296.05,13.26,D,,fire_nrt_J2V-C2_681504.csv,Cali
3.30326,-76.45095,336.81,0.41,0.45,2025-06-21,612,N21,VIIRS,n,2.0NRT,282.8,5.23,N,,fire_nrt_J2V-C2_681504.csv,Cali
3.32358,-76.49355,326.76,0.65,0.73,2025-07-27,1741,N21,VIIRS,n,2.0NRT,291.08,4.42,D,,fire_nrt_J2V-C2_681504.csv,Cali
3.37645,-76.57196,327.4,0.65,0.73,2025-07-27,1741,N21,VIIRS,n,2.0NRT,290.96,7.35,D,,fire_nrt_J2V-C2_681504.csv,Cali
3.37561,-76.57682,331.03,0.66,0.73,2025-07-27,1741,N21,VIIRS,n,2.0NRT,291.05,7.35,D,,fire_nrt_J2V-C2_681504.csv,Cali
3.32394,-76.49066,367.0,0.69,0.74,2025-07-27,1919,N21,VIIRS,h,2.0NRT,291.58,19.92,D,,fire_nrt_J2V-C2_681504.csv,Cali
3.31926,-76.49181,343.61,0.69,0.74,2025-07-27,1919,N21,VIIRS,n,2.0NRT,290.94,9.16,D,,fire_nrt_J2V-C2_681504.csv,Cali
3.3269,-76.48665,328.51,0.69,0.74,2025-07-27,1919,N21,VIIRS,n,2.0NRT,291.68,9.16,D,,fire_nrt_J2V-C2_681504.csv,Cali
3.32603,-76.49284,328.14,0.69,0.74,2025-07-27,1919,N21,VIIRS,n,2.0NRT,290.91,9.16,D,,fire_nrt_J2V-C2_681504.csv,Cali
3.50521,-76.49435,303.03,0.5,0.41,2025-08-29,618,N21,VIIRS,n,2.0NRT,290.03,0.66,N,,fire_nrt_J2V-C2_681504.csv,Cali
3.49413,-76.51626,326.83,0.62,0.54,2025-10-14,1758,N21,VIIRS,n,2.0NRT,295.15,5.97,D,,fire_nrt_J2V-C2_681504.csv,Cali
3.44322,-76.4655,309.87,0.43,0.38,2025-09-15,625,N,VIIRS,n,2.0NRT,290.53,1.35,N,,fire_nrt_SV-C2_681505.csv,Cali
3.3257,-76.47627,345.28,0.61,0.53,2025-09-24,1800,N,VIIRS,n,2.0NRT,287.98,12.77,D,,fire_nrt_SV-C2_681505.csv,Cali
3.32667,-76.47896,342.02,0.61,0.53,2025-09-24,1800,N,VIIRS,n,2.0NRT,285.24,6.82,D,,fire_nrt_SV-C2_681505.csv,Cali
